{"FicheraCorner":[{"p":2,"alpha":0,"h1_err":[0.018923499037531703,0.009478897043159672,0.0047417802738850155],"dof":[4401,31841,241857],"L":[1,2,3],"runtime":[11.035106,170.198389,1853.851852],"memory":[3.6591641E+7,3.29972298E+8,2.708039635E+9],"k_text":"$k=-\\frac{1}{3}$","k_x":[32625.337653425137,241857],"k_y":[0.0086275928189376936,0.0044247468096565894],"legend_name":"$\\text{IGA neu: } p=2,\\;\\alpha=0.00$","line_color":"#0000FF","line_text":"IGA neu","line_dash":"dot","marker_symbol":0},{"p":3,"alpha":0,"h1_err":[0.0091567213029317036,0.0045783776329781211,0.0022893060689210079],"dof":[13897,103825,802081],"L":[1,2,3],"runtime":[30.223534,465.294534,6899.253877],"memory":[1.17527225E+8,1.078443114E+9,8.838442627E+9],"k_text":"$k=-\\frac{1}{3}$","k_x":[105577.07922177043,802081],"k_y":[0.0041990551755066857,0.0021360039563250483],"legend_name":"$\\text{IGA neu: } p=3,\\;\\alpha=0.00$","line_color":"#0000FF","line_text":"IGA neu","line_dash":"dot","marker_symbol":1},{"p":2,"alpha":0.95,"h1_err":[0.018923499037531703,0.010122299405728756,0.0060793278474357993,0.0040282108445231944,0.0031420355022200295,0.0024352274254071777],"dof":[4401,5657,7281,9629,12499,17243],"L":[1,2,3,4,5,6],"runtime":[10.579085,35.017116,71.770358,155.12947,565.85351,4733.962515],"memory":[3.6591641E+7,6.0113666E+7,1.19916179E+8,4.37808396E+8,2.723006341E+9,2.0510267342E+10],"k_text":"$k=-\\frac{1}{3}$","k_x":[8711.2825117774737,17243],"k_y":[0.0027596881383956159,0.0021979430241758128],"legend_name":"$\\text{IGA neu: } p=2,\\;\\alpha=0.95$","line_color":"#0000FF","line_text":"IGA neu","line_dash":"solid","marker_symbol":0},{"p":3,"alpha":0.95,"h1_err":[0.0091567213029317036,0.0045860529973421969,0.0022991987654394975,0.0011580935181459706,0.00058525547040977864],"dof":[13897,22126,34756,54271,88885],"L":[1,2,3,4,5],"runtime":[33.31777,113.331131,249.084967,577.773001,2412.522275],"memory":[1.17527225E+8,2.39300194E+8,5.13722675E+8,1.708022132E+9,9.535799549E+9],"k_text":"$k=-\\frac{1}{3}$","k_x":[35145.907941039142,88885],"k_y":[0.00069493415836884454,0.00051006527272901882],"legend_name":"$\\text{IGA neu: } p=3,\\;\\alpha=0.95$","line_color":"#0000FF","line_text":"IGA neu","line_dash":"solid","marker_symbol":1}],"PlateHole":[{"p":3,"alpha":0,"h1_err":[0.016534030377252748,0.00900993735059002,0.0031904312868026212,0.00069940718274250362,0.00010753367055597308,1.49530195862366E-5,2.0435886241189379E-6,2.7057227063411459E-7],"dof":[25,49,121,361,1225,4489,17161,67081],"L":[1,2,3,4,5,6,7,8],"runtime":[11.631034,14.055814,17.039453,21.748806,33.62501,76.500653,276.940744,1535.840341],"memory":[7.4618302E+7,7.5611358E+7,7.6802398E+7,8.1601022E+7,1.00866078E+8,1.78065982E+8,4.8714659E+8,1.724029566E+9],"k_text":"$k=-\\frac{3}{2}$","k_x":[1294.9999999999986,67081],"k_y":[5.8139749148250236E-5,1.559475348454749E-7],"legend_name":"$\\text{IGA referenz: } p=3,\\;\\alpha=0.00$","line_color":"#FF0000","line_text":"IGA referenz","line_dash":"dot","marker_symbol":0},{"p":4,"alpha":0,"h1_err":[0.011475210063544983,0.0053654126947978893,0.001327398531819735,0.00017151355545850142,1.5073315102869684E-5,1.3551850842476412E-6,1.0746359960449786E-7,9.8811050446933986E-9],"dof":[36,64,144,400,1296,4624,17424,67600],"L":[1,2,3,4,5,6,7,8],"runtime":[14.879139,17.694282,21.192504,27.565025,46.434521,115.948912,416.507088,2145.700641],"memory":[9.1923742E+7,9.3139838E+7,9.5234302E+7,1.0366915E+8,1.37524158E+8,2.73173982E+8,8.16234494E+8,2.989397534E+9],"k_text":"$k=-2$","k_x":[1560.0000000000005,67600],"k_y":[9.2300053979116333E-6,4.9153874900121175E-9],"legend_name":"$\\text{IGA referenz: } p=4,\\;\\alpha=0.00$","line_color":"#FF0000","line_text":"IGA referenz","line_dash":"dot","marker_symbol":1},{"p":3,"alpha":0.6,"h1_err":[0.016534030377252748,0.00900993735059002,0.0031904312868026212,0.00069949434683643169,0.00010756017662171079,1.4998318090751611E-5,2.0808397750373944E-6,3.205501587465E-7,6.6647919622515E-8],"dof":[25,49,121,268,688,1736,4553,11828,30477],"L":[1,2,3,4,5,6,7,8,9],"runtime":[49.063838,54.674606,60.845066,68.548139,80.106027,101.061615,153.39098,303.19263,933.418385],"memory":[2.95857088E+8,2.9894728E+8,3.00138264E+8,3.0343896E+8,3.12680416E+8,3.39120024E+8,4.11386328E+8,5.98120368E+8,1.08111976E+9],"k_text":"$k=-\\frac{3}{2}$","k_x":[872.88315369240581,30477],"k_y":[7.3889230852168179E-6,3.5814343199625118E-8],"legend_name":"$\\text{IGA referenz: } p=3,\\;\\alpha=0.60$","line_color":"#FF0000","line_text":"IGA referenz","line_dash":"solid","marker_symbol":0},{"p":4,"alpha":0.6,"h1_err":[0.011475210063544983,0.0053654126947978893,0.001327398531819735,0.00017151843809663238,1.5108722755705091E-5,1.3570883040638233E-6,1.0943526652122595E-7,1.2114301494273705E-8],"dof":[36,64,144,296,697,1774,4478,11628],"L":[1,2,3,4,5,6,7,8],"runtime":[14.198758,16.694429,19.924589,25.065263,35.263613,60.424225,133.364229,370.053818],"memory":[9.1923742E+7,9.3139822E+7,9.523423E+7,1.0103963E+8,1.17302478E+8,1.6110071E+8,2.86544214E+8,6.36392862E+8],"k_text":"$k=-2$","k_x":[646.99922720201107,11628],"k_y":[1.966426811193264E-6,6.0880087033847138E-9],"legend_name":"$\\text{IGA referenz: } p=4,\\;\\alpha=0.60$","line_color":"#FF0000","line_text":"IGA referenz","line_dash":"solid","marker_symbol":1},{"p":3,"alpha":0,"h1_err":[0.016534030377252776,0.00900993735059002,0.0031904312868026195,0.00069940718274250264,0.00010753367055597117,1.4953019586232861E-5,2.0435886241185182E-6,2.7057227062397312E-7],"dof":[25,49,121,361,1225,4489,17161,67081],"L":[1,2,3,4,5,6,7,8],"runtime":[2.366286,3.731485,5.759863,10.325615,25.263332,84.843804,350.318614,1916.412502],"memory":[154549,509076,1.855211E+6,7.169602E+6,2.8332617E+7,1.12838304E+8,4.50614151E+8,1.801266558E+9],"k_text":"$k=-\\frac{3}{2}$","k_x":[1294.9999999999986,67081],"k_y":[5.8139749145962136E-5,1.5594753483933757E-7],"legend_name":"$\\text{IGA neu: } p=3,\\;\\alpha=0.00$","line_color":"#0000FF","line_text":"IGA neu","line_dash":"dot","marker_symbol":0},{"p":4,"alpha":0,"h1_err":[0.011475210063544971,0.0053654126947978937,0.0013273985318197367,0.00017151355545850125,1.5073315102873493E-5,1.3551850842399251E-6,1.0746359960131698E-7,9.8811051017024317E-9],"dof":[36,64,144,400,1296,4624,17424,67600],"L":[1,2,3,4,5,6,7,8],"runtime":[2.230694,3.820255,6.528771,13.382687,36.979865,138.848558,562.459947,2730.291856],"memory":[234190,831492,3.133186E+6,1.225952E+7,4.865963E+7,1.94102252E+8,7.75612858E+8,3.101188248E+9],"k_text":"$k=-2$","k_x":[1560.0000000000005,67600],"k_y":[9.2300054538267955E-6,4.9153875197894234E-9],"legend_name":"$\\text{IGA neu: } p=4,\\;\\alpha=0.00$","line_color":"#0000FF","line_text":"IGA neu","line_dash":"dot","marker_symbol":1},{"p":3,"alpha":0.6,"h1_err":[0.016534030377252776,0.00900993735059002,0.0031904312868026195,0.00069949434683642963,0.00010756017662171215,1.4998318090743433E-5,2.0808397750378378E-6,3.2055015873635654E-7,6.6647919630371885E-8],"dof":[25,49,121,268,688,1736,4553,11828,30477],"L":[1,2,3,4,5,6,7,8,9],"runtime":[2.775298,4.261253,6.384761,10.382638,19.437204,44.1031,113.525429,305.780481,915.186479],"memory":[154549,509060,1.855139E+6,5.559394E+6,1.5913465E+7,4.594308E+7,1.29187015E+8,3.4965363E+8,9.44265261E+8],"k_text":"$k=-\\frac{3}{2}$","k_x":[872.88315369240581,30477],"k_y":[7.3889230861314195E-6,3.5814343204058223E-8],"legend_name":"$\\text{IGA neu: } p=3,\\;\\alpha=0.60$","line_color":"#0000FF","line_text":"IGA neu","line_dash":"solid","marker_symbol":0},{"p":4,"alpha":0.6,"h1_err":[0.011475210063544971,0.0053654126947978937,0.0013273985318197367,0.00017151843809663368,1.5108722755703383E-5,1.3570883040553416E-6,1.0943526651786618E-7,1.2114301470335595E-8],"dof":[36,64,144,296,697,1774,4478,11628],"L":[1,2,3,4,5,6,7,8],"runtime":[2.344057,3.855812,6.388844,11.526364,24.271905,58.436205,159.578764,457.73282],"memory":[234190,831476,3.133114E+6,9.475168E+6,2.719211E+7,7.5073076E+7,2.13933762E+8,6.05879632E+8],"k_text":"$k=-2$","k_x":[1048.9194439993948,30562],