{"FicheraCorner":[{"p":3,"alpha":0.95,"h1_err":[0.0091567213029317036,0.0045860529973422047,0.0022991987654394997],"dof":[13897,22126,34756],"L":[1,2,3],"runtime":[28.560232,71.561001,179.569261],"memory":[1.174018E+8,2.72934486E+8,8.8055202E+8],"legend_name":"$\\text{IGA voll: } p=3,\\;\\alpha=0.95$","line_color":"#00a1a1","line_text":"IGA voll","marker_symbol":101,"line_dash":"dot"},{"p":3,"alpha":0.95,"h1_err":[0.0091567213029317036,0.0045860529973421969,0.0022991987654394975],"dof":[13897,22126,34756],"L":[1,2,3],"runtime":[27.860559,104.631311,238.313365],"memory":[1.17527225E+8,2.39216488E+8,5.13554255E+8],"legend_name":"$\\text{IGA sparse: } p=3,\\;\\alpha=0.95$","line_color":"#00FF00","line_text":"IGA sparse","marker_symbol":100,"line_dash":"solid"},{"p":3,"alpha":0.95,"h1_err":[0.0091567213029317036,0.0045860529973421969,0.0022991987654394975],"dof":[13897,22126,34756],"L":[1,2,3],"runtime":[31.386303,110.907323,245.038764],"memory":[1.17527225E+8,2.39300194E+8,5.13722675E+8],"legend_name":"$\\text{IGA mit Ged.: } p=3,\\;\\alpha=0.95$","line_color":"#0000FF","line_text":"IGA sparse mit Ged.","marker_symbol":1,"line_dash":"solid"}],"PlateHole":[{"p":3,"alpha":0.6,"h1_err":[0.016534030377252748,0.00900993735059002,0.0031904312868026212,0.00069949434683643169,0.00010756017662171079,1.4998318090751611E-5,2.0808397750373944E-6,3.205501587465E-7,6.6647919622515E-8],"dof":[25,49,121,268,688,1736,4553,11828,30477],"L":[1,2,3,4,5,6,7,8,9],"runtime":[47.976496,54.541922,60.31114,66.772861,75.952439,93.988027,141.117751,285.622301,849.862694],"memory":[2.95857088E+8,2.9894728E+8,3.00138264E+8,3.0343896E+8,3.12680416E+8,3.39120024E+8,4.11386328E+8,5.98120368E+8,1.08111976E+9],"legend_name":"$\\text{IGA referenz: } p=3,\\;\\alpha=0.60$","line_color":"#FF0000","line_text":"IGA referenz","marker_symbol":2,"line_dash":"solid"},{"p":3,"alpha":0.6,"h1_err":[0.016534030377252776,0.00900993735059002,0.0031904312868026195,0.00069949434683642963,0.00010756017662171215,1.4998318090743433E-5,2.0808397750378378E-6,3.2055015873635654E-7,6.6647919630371885E-8],"dof":[25,49,121,268,688,1736,4553,11828,30477],"L":[1,2,3,4,5,6,7,8,9],"runtime":[2.029488,3.432978,5.13036,7.897712,13.819082,29.076896,71.941267,196.228347,597.76364],"memory":[153972,483114,1.766704E+6,5.345182E+6,1.5553068E+7,4.5592026E+7,1.31765432E+8,3.73166598E+8,1.07297338E+9],"legend_name":"$\\text{IGA voll: } p=3,\\;\\alpha=0.60$","line_color":"#00a1a1","line_text":"IGA voll","marker_symbol":101,"line_dash":"dot"},{"p":3,"alpha":0.6,"h1_err":[0.016534030377252776,0.00900993735059002,0.0031904312868026195,0.00069949434683642963,0.00010756017662171215,1.4998318090743433E-5,2.0808397750378378E-6,3.2055015873635654E-7,6.6647919630371885E-8],"dof":[25,49,121,268,688,1736,4553,11828,30477],"L":[1,2,3,4,5,6,7,8,9],"runtime":[2.141373,3.441557,5.311733,8.830705,16.47068,37.597614,96.583703,265.610424,858.678007],"memory":[154549,502108,1.839667E+6,5.533034E+6,1.5871865E+7,4.5876624E+7,1.29078391E+8,3.49474022E+8,9.43953101E+8],"legend_name":"$\\text{IGA sparse: } p=3,\\;\\alpha=0.60$","line_color":"#00FF00","line_text":"IGA sparse","marker_symbol":100,"line_dash":"solid"},{"p":3,"alpha":0.6,"h1_err":[0.016534030377252776,0.00900993735059002,0.0031904312868026195,0.00069949434683642963,0.00010756017662171215,1.4998318090743433E-5,2.0808397750378378E-6,3.2055015873635654E-7,6.6647919630371885E-8],"dof":[25,49,121,268,688,1736,4553,11828,30477],"L":[1,2,3,4,5,6,7,8,9],"runtime":[4.296731,6.602686,8.733309,12.541374,21.138905,43.86405,107.45058,287.519151,865.197252],"memory":[154549,509060,1.855139E+6,5.559394E+6,1.5913465E+7,4.594308E+7,1.29187015E+8,3.4965363E+8,9.44265261E+8],"legend_name":"$\\text{IGA mit Ged.: } p=3,\\;\\alpha=0.60$","line_color":"#0000FF","line_text":"IGA sparse mit Ged.","marker_symbol":1,"line_dash":"solid"}],"LShape":[{"p":2,"alpha":0.8,"h1_err":[0.051176229616291612,0.032576145391749869,0.020512855792440044,0.012920002899030437,0.00813538800666513,0.0051243008766528467,0.0032274803995727555,0.002033039743696449,0.0012806229695404496],"dof":[40,96,165,349,675,1335,2564,4882,8925],"L":[1,2,3,4,5,6,7,8,9],"runtime":[2363.728925,2372.522873,2382.072799,2392.167551,2402.958417,2417.319864,2438.724675,2476.126541,2555.296629],"memory":[6.34564654E+8,6.43401414E+8,6.44347854E+8,6.46619718E+8,6.50476646E+8,6.59124398E+8,6.75086022E+8,7.05390638E+8,7.54578926E+8],"legend_name":"$\\text{IGA referenz: } p=2,\\;\\alpha=0.80$","line_color":"#FF0000","line_text":"IGA referenz","marker_symbol":2,"line_dash":"solid"},{"p":2,"alpha":0.8,"h1_err":[0.051176229616291612,0.032576145391749869,0.020512855792440044,0.012920002899030437,0.00813538800666513,0.0051243008766528467,0.0032274803995727555,0.002033039743696449,0.0012806229695404496],"dof":[40,96,165,349,675,1335,2564,4882,8925],"L":[1,2,3,4,5,6,7,8,9],"runtime":[2.168879,3.718704,5.48997,8.051891,11.948427,19.219088,33.916339,69.125422,204.014537],"memory":[207954,722614,1.835226E+6,4.632574E+6,1.037397E+7,2.6186366E+7,7.0121234E+7,2.11008806E+8,6.99970394E+8],"legend_name":"$\\text{IGA voll: } p=2,\\;\\alpha=0.80$","line_color":"#00a1a1","line_text":"IGA voll","marker_symbol":101,"line_dash":"dot"},{"p":2,"alpha":0.8,"h1_err":[0.051176229616291612,0.032576145391749869,0.020512855792440044,0.012920002899030433,0.00813538800666513,0.0051243008766528484,0.0032274803995727551,0.00203303974369645,0.0012806229695404489],"dof":[40,96,165,349,675,1335,2564,4882,8925],"L":[1,2,3,4,5,6,7,8,9],"runtime":[2.501273,4.107341,6.175906,9.510275,14.86342,25.205217,45.38805,88.654625,198.167599],"memory":[208666,757110,1.895954E+6,4.645542E+6,9.581386E+6,2.1497598E+7,4.7830314E+7,1.14969846E+8,3.00684994E+8],"legend_name":"$\\text{IGA sparse: } p=2,\\;\\alpha=0.80$","line_color":"#00FF00","line_text":"IGA sparse","marker_symbol":100,"line_dash":"solid"},{"p":2,"alpha":0.8,"h1_err":[0.051176229616291612,0.032576145391749869,0.020512855792440044,0.012920002899030433,0.00813538800666513,0.0051243008766528484,0.0032274803995727551,0.00203303974369645,0.0012806229695404489],"dof":[40,96,165,349,675,1335,2564,4882,8925],"L":[1,2,3,4,5,6,7,8,9],"runtime":[4.508371,7.273632,9.686132,13.221652,18.650684,29.047699,49.034767,91.758075,220.9529],"memory":[208666,775776,1.934798E+6,4.708068E+6,9.669802E+6,2.161872E+7,4.7989374E+7,1.15254644E+8,3.01069642E+8],"legend_name":"$\\text{IGA mit Ged.: } p=2,\\;\\alpha=0.80$","line_color":"#0000FF","line_text":"IGA sparse mit Ged.","marker_symbol":1,"line_dash":"solid"}]}